bit size of p and q,Average Time
10,0.00390625
11,0.0
12,0.00390625
13,0.0078125
14,0.015625
15,0.03515625
16,0.0
17,0.0
18,0.01953125
19,0.0
20,0.0
21,0.0078125
22,0.0
23,0.0
24,0.00390625
25,0.01171875
26,0.0
27,0.0
