bit size of p and q,Average Time
10,0.0
11,0.00390625
12,0.00390625
13,0.01171875
14,0.015625
15,0.02734375
16,0.0
17,0.0
18,0.0078125
19,0.015625
20,0.0
21,0.0
22,0.0
23,0.00390625
24,0.00390625
25,0.0
26,0.0
27,0.0
