bit size of N,Average Time
10,0.0
11,0.0
12,0.0
13,0.0
14,0.0
15,0.0
16,0.0
17,0.00390625
18,0.0
19,0.00390625
20,0.00390625
